Referencia,Fecha,Dia,Estacion,Activa E,Activa S,Reactiva1,Reactiva2,Reactiva3,Reactiva4,p,q
SAG0125356666,2018-05-10 12:00:00,10/05/2018 00:00,S,0.005,0.0,0.0,0.0,0.0,0.015,50.0,-150.0
SAG0125358071,2018-05-10 12:00:00,10/05/2018 00:00,S,0.047,0.0,0.008,0.0,0.0,0.027,470.0,-190.0
SAG0125358072,2018-05-10 12:00:00,10/05/2018 00:00,S,0.045,0.0,0.0,0.0,0.0,0.031,450.0,-310.0
SAG0125358073,2018-05-10 12:00:00,10/05/2018 00:00,S,0.05,0.0,0.0,0.0,0.0,0.148,500.0,-1480.0
SAG0125358074,2018-05-10 12:00:00,10/05/2018 00:00,S,0.57,0.0,0.352,0.0,0.0,0.0,5700.0,3520.0
SAG0125358075,2018-05-10 12:00:00,10/05/2018 00:00,S,0.06,0.0,0.017,0.0,0.0,0.049,600.0,-320.0
SAG0125358077,2018-05-10 12:00:00,10/05/2018 00:00,S,0.063,0.0,0.0,0.0,0.0,0.039,630.0,-390.0
SAG0125358078,2018-05-10 12:00:00,10/05/2018 00:00,S,0.186,0.0,0.121,0.0,0.0,0.0,1860.0,1210.0
SAG0125358079,2018-05-10 12:00:00,10/05/2018 00:00,S,0.699,0.0,0.001,0.0,0.0,0.1,6990.0,-990.0
SAG0125358080,2018-05-10 12:00:00,10/05/2018 00:00,S,0.046,0.0,0.066,0.0,0.0,0.004,460.0,620.0
SAG0125358131,2018-05-10 12:00:00,10/05/2018 00:00,S,0.147,0.0,0.0,0.0,0.0,0.015,1470.0,-150.0
SAG0125358132,2018-05-10 12:00:00,10/05/2018 00:00,S,0.06,0.0,0.077,0.0,0.0,0.007,600.0,699.9999999999999
SAG0125358133,2018-05-10 12:00:00,10/05/2018 00:00,S,0.241,0.0,0.027,0.0,0.0,0.019,2410.0,80.0
SAG0125358134,2018-05-10 12:00:00,10/05/2018 00:00,S,0.105,0.0,0.099,0.0,0.0,0.0,1050.0,990.0
SAG0125358135,2018-05-10 12:00:00,10/05/2018 00:00,S,0.034,0.0,0.009,0.0,0.0,0.033,340.0,-240.0
SAG0125358136,2018-05-10 12:00:00,10/05/2018 00:00,S,0.26,0.0,0.141,0.0,0.0,0.015,2600.0,1260.0
SAG0125358137,2018-05-10 12:00:00,10/05/2018 00:00,S,0.04,0.0,0.025,0.0,0.0,0.019,400.0,60.000000000000014
SAG0125358138,2018-05-10 12:00:00,10/05/2018 00:00,S,0.054,0.0,0.016,0.0,0.0,0.01,540.0,60.0
SAG0125358139,2018-05-10 12:00:00,10/05/2018 00:00,S,0.046,0.0,0.047,0.0,0.0,0.011,460.0,360.00000000000006
SAG0125358140,2018-05-10 12:00:00,10/05/2018 00:00,S,0.109,0.0,0.073,0.0,0.0,0.015,1090.0,579.9999999999999
SAG0125358142,2018-05-10 12:00:00,10/05/2018 00:00,S,0.114,0.0,0.0,0.0,0.0,0.03,1140.0,-300.0
SAG0125358166,2018-05-10 12:00:00,10/05/2018 00:00,S,0.816,0.0,0.039,0.0,0.0,0.086,8160.0,-469.99999999999994
SAG0125358182,2018-05-10 12:00:00,10/05/2018 00:00,S,0.035,0.0,0.0,0.0,0.0,0.027,350.0,-270.0
SAG0125358183,2018-05-10 12:00:00,10/05/2018 00:00,S,0.197,0.0,0.0,0.0,0.0,0.161,1970.0,-1610.0
SAG0125358184,2018-05-10 12:00:00,10/05/2018 00:00,S,0.137,0.0,0.202,0.0,0.0,0.0,1370.0,2020.0
SAG0125358185,2018-05-10 12:00:00,10/05/2018 00:00,S,0.216,0.0,0.073,0.0,0.0,0.016,2160.0,569.9999999999999
SAG0125358186,2018-05-10 12:00:00,10/05/2018 00:00,S,0.041,0.0,0.0,0.0,0.0,0.047,410.0,-470.0
SAG0125358187,2018-05-10 12:00:00,10/05/2018 00:00,S,0.637,0.0,0.27,0.0,0.0,0.0,6370.0,2700.0
SAG0125358188,2018-05-10 12:00:00,10/05/2018 00:00,S,0.026,0.0,0.0,0.0,0.0,0.021,260.0,-210.0
SAG0125358190,2018-05-10 12:00:00,10/05/2018 00:00,S,0.169,0.0,0.292,0.0,0.0,0.0,1690.0,2920.0
SAG0125358321,2018-05-10 12:00:00,10/05/2018 00:00,S,0.245,0.0,0.173,0.0,0.0,0.001,2450.0,1720.0
SAG0125358322,2018-05-10 12:00:00,10/05/2018 00:00,S,0.194,0.0,0.0,0.0,0.0,0.05,1940.0,-500.0
SAG0125358323,2018-05-10 12:00:00,10/05/2018 00:00,S,0.198,0.0,0.065,0.0,0.0,0.06,1980.0,50.00000000000004
SAG0125358324,2018-05-10 12:00:00,10/05/2018 00:00,S,0.005,0.0,0.008,0.0,0.0,0.0,50.0,80.0
SAG0125358325,2018-05-10 12:00:00,10/05/2018 00:00,S,0.055,0.0,0.032,0.0,0.0,0.0,550.0,320.0
SAG0125358326,2018-05-10 12:00:00,10/05/2018 00:00,S,0.118,0.0,0.0,0.0,0.0,0.031,1180.0,-310.0
SAG0125358327,2018-05-10 12:00:00,10/05/2018 00:00,S,0.361,0.0,0.261,0.0,0.0,0.0,3610.0,2610.0
SAG0125358328,2018-05-10 12:00:00,10/05/2018 00:00,S,0.112,0.0,0.062,0.0,0.0,0.014,1120.0,480.0
SAG0125358330,2018-05-10 12:00:00,10/05/2018 00:00,S,0.227,0.0,0.0,0.0,0.0,0.049,2270.0,-490.0
SAG0125358371,2018-05-10 12:00:00,10/05/2018 00:00,S,1363.0,0.0,0.132,0.0,0.0,0.0,13630000.0,1320.0
SAG0125358372,2018-05-10 12:00:00,10/05/2018 00:00,S,0.24,0.0,0.081,0.0,0.0,0.016,2400.0,650.0
SAG0125358373,2018-05-10 12:00:00,10/05/2018 00:00,S,1327.0,0.0,0.455,0.0,0.0,0.0,13270000.0,4550.0
SAG0125358374,2018-05-10 12:00:00,10/05/2018 00:00,S,0.65,0.0,0.003,0.0,0.0,0.01,6500.0,-70.0
SAG0125358375,2018-05-10 12:00:00,10/05/2018 00:00,S,1.25,0.0,0.364,0.0,0.0,0.0,12500.0,3640.0
SAG0125358376,2018-05-10 12:00:00,10/05/2018 00:00,S,0.006,0.0,0.0,0.0,0.0,0.0,60.0,0.0
SAG0125358377,2018-05-10 12:00:00,10/05/2018 00:00,S,0.0,0.0,0.0,0.0,0.0,0.0,0.0,0.0
SAG0125358378,2018-05-10 12:00:00,10/05/2018 00:00,S,0.877,0.0,0.214,0.0,0.0,0.01,8770.0,2040.0
SAG0125358379,2018-05-10 12:00:00,10/05/2018 00:00,S,0.083,0.0,0.024,0.0,0.0,0.027,830.0,-29.999999999999993
SAG0125358380,2018-05-10 12:00:00,10/05/2018 00:00,S,0.551,0.0,0.101,0.0,0.0,0.049,5510.0,520.0000000000001
SAG0125358381,2018-05-10 12:00:00,10/05/2018 00:00,S,1333.0,0.0,0.016,0.0,0.0,0.139,13330000.0,-1230.0000000000002
SAG0125358383,2018-05-10 12:00:00,10/05/2018 00:00,S,0.247,0.0,0.327,0.0,0.0,0.0,2470.0,3270.0
SAG0125358384,2018-05-10 12:00:00,10/05/2018 00:00,S,0.308,0.0,0.044,0.0,0.0,0.026,3080.0,180.0
SAG0125358385,2018-05-10 12:00:00,10/05/2018 00:00,S,0.0,0.0,0.0,0.0,0.0,0.0,0.0,0.0
SAG0125358386,2018-05-10 12:00:00,10/05/2018 00:00,S,0.1,0.0,0.055,0.0,0.0,0.0,1000.0,550.0
SAG0125358387,2018-05-10 12:00:00,10/05/2018 00:00,S,0.164,0.0,0.091,0.0,0.0,0.0,1640.0,910.0
SAG0125358388,2018-05-10 12:00:00,10/05/2018 00:00,S,0.037,0.0,0.022,0.0,0.0,0.037,370.0,-150.0
SAG0125358389,2018-05-10 12:00:00,10/05/2018 00:00,S,0.209,0.0,0.0,0.0,0.0,0.114,2090.0,-1140.0
SAG0125358390,2018-05-10 12:00:00,10/05/2018 00:00,S,0.217,0.0,0.109,0.0,0.0,0.0,2170.0,1090.0
SAG0125358411,2018-05-10 12:00:00,10/05/2018 00:00,S,0.049,0.0,0.0,0.0,0.0,0.045,490.0,-450.0
SAG0125358412,2018-05-10 12:00:00,10/05/2018 00:00,S,0.0,0.0,0.0,0.0,0.0,0.0,0.0,0.0
SAG0125358413,2018-05-10 12:00:00,10/05/2018 00:00,S,0.113,0.0,0.087,0.0,0.0,0.008,1130.0,789.9999999999999
SAG0125358414,2018-05-10 12:00:00,10/05/2018 00:00,S,0.143,0.0,0.054,0.0,0.0,0.006,1430.0,480.0
SAG0125358415,2018-05-10 12:00:00,10/05/2018 00:00,S,0.072,0.0,0.03,0.0,0.0,0.02,720.0,99.99999999999999
SAG0125358416,2018-05-10 12:00:00,10/05/2018 00:00,S,0.282,0.0,0.204,0.0,0.0,0.0,2820.0,2040.0
SAG0125358417,2018-05-10 12:00:00,10/05/2018 00:00,S,0.092,0.0,0.0,0.0,0.0,0.013,920.0,-130.0
SAG0125358418,2018-05-10 12:00:00,10/05/2018 00:00,S,0.169,0.0,0.014,0.0,0.0,0.025,1690.0,-110.00000000000001
SAG0125358420,2018-05-10 12:00:00,10/05/2018 00:00,S,0.058,0.0,0.0,0.0,0.0,0.139,580.0,-1390.0
SAG0125358491,2018-05-10 12:00:00,10/05/2018 00:00,S,1305.0,0.0,2.404,0.0,0.0,0.0,13050000.0,24040.0
SAG0125358492,2018-05-10 12:00:00,10/05/2018 00:00,S,0.077,0.0,0.0,0.0,0.0,0.019,770.0,-190.0
SAG0125358493,2018-05-10 12:00:00,10/05/2018 00:00,S,0.082,0.0,0.046,0.0,0.0,0.014,820.0,320.0
SAG0125358494,2018-05-10 12:00:00,10/05/2018 00:00,S,0.13,0.0,0.001,0.0,0.0,0.033,1300.0,-320.0
SAG0125358495,2018-05-10 12:00:00,10/05/2018 00:00,S,0.129,0.0,0.087,0.0,0.0,0.006,1290.0,809.9999999999999
SAG0125358496,2018-05-10 12:00:00,10/05/2018 00:00,S,0.407,0.0,0.0,0.0,0.0,0.094,4070.0,-940.0
SAG0125358497,2018-05-10 12:00:00,10/05/2018 00:00,S,0.158,0.0,0.003,0.0,0.0,0.063,1580.0,-600.0
SAG0125358498,2018-05-10 12:00:00,10/05/2018 00:00,S,0.005,0.0,0.0,0.0,0.0,0.028,50.0,-280.0
SAG0125358499,2018-05-10 12:00:00,10/05/2018 00:00,S,0.166,0.0,0.019,0.0,0.0,0.008,1660.0,110.0
SAG0125358500,2018-05-10 12:00:00,10/05/2018 00:00,S,0.109,0.0,0.084,0.0,0.0,0.014,1090.0,700.0
SAG0125358501,2018-05-10 12:00:00,10/05/2018 00:00,S,0.234,0.0,0.133,0.0,0.0,0.0,2340.0,1330.0
SAG0125358502,2018-05-10 12:00:00,10/05/2018 00:00,S,0.152,0.0,0.001,0.0,0.0,0.199,1520.0,-1980.0
SAG0125358503,2018-05-10 12:00:00,10/05/2018 00:00,S,0.0,0.0,0.0,0.0,0.0,0.0,0.0,0.0
SAG0125358504,2018-05-10 12:00:00,10/05/2018 00:00,S,0.086,0.0,0.007,0.0,0.0,0.068,860.0,-610.0000000000001
SAG0125358505,2018-05-10 12:00:00,10/05/2018 00:00,S,0.726,0.0,0.321,0.0,0.0,0.0,7260.0,3210.0
SAG0125358507,2018-05-10 12:00:00,10/05/2018 00:00,S,0.022,0.0,0.0,0.0,0.0,0.001,220.0,-10.0
SAG0125358508,2018-05-10 12:00:00,10/05/2018 00:00,S,0.0,0.0,0.0,0.0,0.0,0.0,0.0,0.0
SAG0125358509,2018-05-10 12:00:00,10/05/2018 00:00,S,0.124,0.0,0.113,0.0,0.0,0.0,1240.0,1130.0
SAG0125358510,2018-05-10 12:00:00,10/05/2018 00:00,S,0.07,0.0,0.0,0.0,0.0,0.168,700.0,-1680.0
SAG0125358531,2018-05-10 12:00:00,10/05/2018 00:00,S,0.03,0.0,0.015,0.0,0.0,0.003,300.0,120.0
SAG0125358532,2018-05-10 12:00:00,10/05/2018 00:00,S,0.689,0.0,0.138,0.0,0.0,0.061,6890.0,770.0000000000001
SAG0125358533,2018-05-10 12:00:00,10/05/2018 00:00,S,0.064,0.0,0.0,0.0,0.0,0.033,640.0,-330.0
SAG0125358534,2018-05-10 12:00:00,10/05/2018 00:00,S,0.012,0.0,0.041,0.0,0.0,0.0,120.0,410.0
SAG0125358535,2018-05-10 12:00:00,10/05/2018 00:00,S,0.013,0.0,0.009,0.0,0.0,0.0,130.0,90.0
SAG0125358537,2018-05-10 12:00:00,10/05/2018 00:00,S,0.541,0.0,0.249,0.0,0.0,0.0,5410.0,2490.0
SAG0125358538,2018-05-10 12:00:00,10/05/2018 00:00,S,0.133,0.0,0.154,0.0,0.0,0.0,1330.0,1540.0
SAG0125358539,2018-05-10 12:00:00,10/05/2018 00:00,S,0.189,0.0,0.017,0.0,0.0,0.051,1890.0,-339.99999999999994
SAG0125358540,2018-05-10 12:00:00,10/05/2018 00:00,S,0.041,0.0,0.0,0.0,0.0,0.018,410.0,-180.0
SAG0125358551,2018-05-10 12:00:00,10/05/2018 00:00,S,0.107,0.0,0.033,0.0,0.0,0.0,1070.0,330.0
SAG0125358554,2018-05-10 12:00:00,10/05/2018 00:00,S,0.123,0.0,0.158,0.0,0.0,0.0,1230.0,1580.0
SAG0125358556,2018-05-10 12:00:00,10/05/2018 00:00,S,0.937,0.0,0.196,0.0,0.0,0.0,9370.0,1960.0
SAG0125358558,2018-05-10 12:00:00,10/05/2018 00:00,S,0.066,0.0,0.015,0.0,0.0,0.03,660.0,-150.0
SAG0125358559,2018-05-10 12:00:00,10/05/2018 00:00,S,0.214,0.0,0.015,0.0,0.0,0.034,2140.0,-190.00000000000003
SAG0125358560,2018-05-10 12:00:00,10/05/2018 00:00,S,0.107,0.0,0.103,0.0,0.0,0.018,1070.0,849.9999999999999
SAG0125358561,2018-05-10 12:00:00,10/05/2018 00:00,S,0.39,0.0,0.177,0.0,0.0,0.0,3900.0,1770.0
SAG0125358562,2018-05-10 12:00:00,10/05/2018 00:00,S,0.137,0.0,0.052,0.0,0.0,0.0,1370.0,520.0
SAG0125358563,2018-05-10 12:00:00,10/05/2018 00:00,S,0.021,0.0,0.0,0.0,0.0,0.015,210.0,-150.0
SAG0125358564,2018-05-10 12:00:00,10/05/2018 00:00,S,1771.0,0.0,0.0,0.0,0.0,0.25,17710000.0,-2500.0
SAG0125358565,2018-05-10 12:00:00,10/05/2018 00:00,S,0.034,0.0,0.035,0.0,0.0,0.0,340.0,350.0
SAG0125358567,2018-05-10 12:00:00,10/05/2018 00:00,S,1588.0,0.0,0.041,0.0,0.0,0.045,15880000.0,-39.999999999999964
SAG0125358568,2018-05-10 12:00:00,10/05/2018 00:00,S,0.005,0.0,0.0,0.0,0.0,0.016,50.0,-160.0
SAG0125358569,2018-05-10 12:00:00,10/05/2018 00:00,S,0.834,0.0,0.0,0.0,0.0,0.504,8340.0,-5040.0
SAG0125358570,2018-05-10 12:00:00,10/05/2018 00:00,S,0.517,0.0,0.0,0.0,0.0,0.192,5170.0,-1920.0
SAG0125358591,2018-05-10 12:00:00,10/05/2018 00:00,S,0.092,0.0,0.008,0.0,0.0,0.041,920.0,-330.0
SAG0125358592,2018-05-10 12:00:00,10/05/2018 00:00,S,0.196,0.0,0.183,0.0,0.0,0.008,1960.0,1750.0
SAG0125358593,2018-05-10 12:00:00,10/05/2018 00:00,S,0.059,0.0,0.0,0.0,0.0,0.056,590.0,-560.0
SAG0125358594,2018-05-10 12:00:00,10/05/2018 00:00,S,0.028,0.0,0.024,0.0,0.0,0.0,280.0,240.0
SAG0125358595,2018-05-10 12:00:00,10/05/2018 00:00,S,0.25,0.0,0.0,0.0,0.0,0.07,2500.0,-700.0
SAG0125358597,2018-05-10 12:00:00,10/05/2018 00:00,S,0.849,0.0,0.044,0.0,0.0,0.004,8490.0,399.99999999999994
SAG0125358598,2018-05-10 12:00:00,10/05/2018 00:00,S,0.416,0.0,0.011,0.0,0.0,0.064,4160.0,-530.0000000000001
SAG0125358600,2018-05-10 12:00:00,10/05/2018 00:00,S,1175.0,0.0,0.007,0.0,0.0,0.106,11750000.0,-989.9999999999999
SAG0125358631,2018-05-10 12:00:00,10/05/2018 00:00,S,0.024,0.0,0.0,0.0,0.0,0.01,240.0,-100.0
SAG0125358632,2018-05-10 12:00:00,10/05/2018 00:00,S,0.067,0.0,0.021,0.0,0.0,0.028,670.0,-69.99999999999999
SAG0125358633,2018-05-10 12:00:00,10/05/2018 00:00,S,0.215,0.0,0.206,0.0,0.0,0.0,2150.0,2060.0
SAG0125358634,2018-05-10 12:00:00,10/05/2018 00:00,S,0.103,0.0,0.099,0.0,0.0,0.0,1030.0,990.0
SAG0125358635,2018-05-10 12:00:00,10/05/2018 00:00,S,0.079,0.0,0.0,0.0,0.0,0.035,790.0,-350.0
SAG0125358636,2018-05-10 12:00:00,10/05/2018 00:00,S,0.515,0.0,0.027,0.0,0.0,0.014,5150.0,130.0
SAG0125358637,2018-05-10 12:00:00,10/05/2018 00:00,S,0.667,0.0,0.234,0.0,0.0,0.0,6670.0,2340.0
SAG0125358638,2018-05-10 12:00:00,10/05/2018 00:00,S,0.042,0.0,0.077,0.0,0.0,0.0,420.0,770.0
SAG0125358639,2018-05-10 12:00:00,10/05/2018 00:00,S,0.518,0.0,0.005,0.0,0.0,0.046,5180.0,-410.0
SAG0125358640,2018-05-10 12:00:00,10/05/2018 00:00,S,0.209,0.0,0.147,0.0,0.0,0.0,2090.0,1470.0
SAG0125360052,2018-05-10 12:00:00,10/05/2018 00:00,S,0.217,0.0,0.148,0.0,0.0,0.0,2170.0,1480.0
SAG0125360410,2018-05-10 12:00:00,10/05/2018 00:00,S,0.037,0.0,0.019,0.0,0.0,0.0,370.0,190.0
SAG0145400916,2018-05-10 12:00:00,10/05/2018 00:00,S,0.329,0.0,0.054,0.0,0.0,0.005,3290.0,490.0
SAG0145443254,2018-05-10 12:00:00,10/05/2018 00:00,S,0.304,0.0,0.063,0.0,0.0,0.0,3040.0,630.0
SAG0155289352,2018-05-10 12:00:00,10/05/2018 00:00,S,0.29,0.0,0.079,0.0,0.0,0.004,2900.0,750.0
SAG0156203784,2018-05-10 12:00:00,10/05/2018 00:00,S,0.155,0.0,0.0,0.0,0.0,0.098,1550.0,-980.0
SOG0020042461,2018-05-10 12:00:00,10/05/2018 00:00,S,0.0,0.0,0.0,0.0,0.0,0.0,0.0,0.0
SOG0020051401,2018-05-10 12:00:00,10/05/2018 00:00,S,0.027,0.0,0.0,0.0,0.0,0.121,270.0,-1210.0
ZIV0034685019,2018-05-10 12:00:00,10/05/2018 00:00,S,0.142,0.0,0.115,0.0,0.0,0.0,1420.0,1150.0
ZIV0034685065,2018-05-10 12:00:00,10/05/2018 00:00,S,1011.0,0.0,0.014,0.0,0.0,0.008,10110000.0,60.0
ZIV0034795218,2018-05-10 12:00:00,10/05/2018 00:00,S,0.236,0.0,0.023,0.0,0.0,0.015,2360.0,80.0
ZIV0034795219,2018-05-10 12:00:00,10/05/2018 00:00,S,0.251,0.0,0.008,0.0,0.0,0.027,2510.0,-190.0
ZIV0034795220,2018-05-10 12:00:00,10/05/2018 00:00,S,0.011,0.0,0.003,0.0,0.0,0.0,110.0,30.0
ZIV0034795221,2018-05-10 12:00:00,10/05/2018 00:00,S,0.024,0.0,0.0,0.0,0.0,0.002,240.0,-20.0
ZIV0034795222,2018-05-10 12:00:00,10/05/2018 00:00,S,0.096,0.0,0.04,0.0,0.0,0.042,960.0,-20.000000000000018
ZIV0034795225,2018-05-10 12:00:00,10/05/2018 00:00,S,0.02,0.0,0.019,0.0,0.0,0.012,200.0,69.99999999999999
ZIV0034795226,2018-05-10 12:00:00,10/05/2018 00:00,S,0.0,0.0,0.0,0.0,0.0,0.0,0.0,0.0
ZIV0034795227,2018-05-10 12:00:00,10/05/2018 00:00,S,0.2,0.0,0.07,0.0,0.0,0.0,2000.0,700.0
ZIV0034795299,2018-05-10 12:00:00,10/05/2018 00:00,S,0.104,0.0,0.001,0.0,0.0,0.045,1040.0,-440.0
ZIV0034795308,2018-05-10 12:00:00,10/05/2018 00:00,S,0.097,0.0,0.116,0.0,0.0,0.006,970.0,1100.0
ZIV0034795309,2018-05-10 12:00:00,10/05/2018 00:00,S,0.0,0.0,0.0,0.0,0.0,0.0,0.0,0.0
ZIV0034795310,2018-05-10 12:00:00,10/05/2018 00:00,S,0.123,0.0,0.001,0.0,0.0,0.037,1230.0,-360.0
ZIV0034795311,2018-05-10 12:00:00,10/05/2018 00:00,S,0.007,0.0,0.0,0.0,0.0,0.04,70.0,-400.0
ZIV0034795312,2018-05-10 12:00:00,10/05/2018 00:00,S,0.0,0.0,0.0,0.0,0.0,0.0,0.0,0.0
ZIV0034795313,2018-05-10 12:00:00,10/05/2018 00:00,S,0.115,0.0,0.041,0.0,0.0,0.013,1150.0,280.00000000000006
ZIV0034795314,2018-05-10 12:00:00,10/05/2018 00:00,S,0.728,0.0,0.099,0.0,0.0,0.016,7280.0,830.0
ZIV0034795315,2018-05-10 12:00:00,10/05/2018 00:00,S,0.115,0.0,0.0,0.0,0.0,0.035,1150.0,-350.0
ZIV0034795316,2018-05-10 12:00:00,10/05/2018 00:00,S,0.0,0.0,0.0,0.0,0.0,0.0,0.0,0.0
ZIV0034795317,2018-05-10 12:00:00,10/05/2018 00:00,S,0.305,0.0,0.023,0.0,0.0,0.026,3050.0,-29.999999999999993
ZIV0034795439,2018-05-10 12:00:00,10/05/2018 00:00,S,0.261,0.0,0.311,0.0,0.0,0.0,2610.0,3110.0
ZIV0034795440,2018-05-10 12:00:00,10/05/2018 00:00,S,0.146,0.0,0.062,0.0,0.0,0.024,1460.0,380.0
ZIV0034795441,2018-05-10 12:00:00,10/05/2018 00:00,S,0.089,0.0,0.0,0.0,0.0,0.052,890.0,-520.0
ZIV0034795442,2018-05-10 12:00:00,10/05/2018 00:00,S,0.155,0.0,0.007,0.0,0.0,0.018,1550.0,-110.0
ZIV0034795444,2018-05-10 12:00:00,10/05/2018 00:00,S,0.969,0.0,0.145,0.0,0.0,0.016,9690.0,1290.0
ZIV0034795445,2018-05-10 12:00:00,10/05/2018 00:00,S,0.074,0.0,0.0,0.0,0.0,0.089,740.0,-890.0
ZIV0034795446,2018-05-10 12:00:00,10/05/2018 00:00,S,0.043,0.0,0.0,0.0,0.0,0.023,430.0,-230.0
ZIV0034795447,2018-05-10 12:00:00,10/05/2018 00:00,S,0.394,0.0,0.058,0.0,0.0,0.007,3940.0,510.00000000000006
ZIV0034795473,2018-05-10 12:00:00,10/05/2018 00:00,S,0.166,0.0,0.004,0.0,0.0,0.112,1660.0,-1080.0
ZIV0034795474,2018-05-10 12:00:00,10/05/2018 00:00,S,0.006,0.0,0.0,0.0,0.0,0.099,60.0,-990.0
ZIV0034795475,2018-05-10 12:00:00,10/05/2018 00:00,S,0.206,0.0,0.0,0.0,0.0,0.006,2060.0,-60.0
ZIV0034795509,2018-05-10 12:00:00,10/05/2018 00:00,S,0.0,0.0,0.0,0.0,0.0,0.0,0.0,0.0
ZIV0034795511,2018-05-10 12:00:00,10/05/2018 00:00,S,0.111,0.0,0.062,0.0,0.0,0.0,1110.0,620.0
ZIV0034795513,2018-05-10 12:00:00,10/05/2018 00:00,S,0.122,0.0,0.0,0.0,0.0,0.028,1220.0,-280.0
ZIV0034795514,2018-05-10 12:00:00,10/05/2018 00:00,S,0.054,0.0,0.037,0.0,0.0,0.029,540.0,79.99999999999997
ZIV0034795515,2018-05-10 12:00:00,10/05/2018 00:00,S,0.93,0.0,0.24,0.0,0.0,0.04,9300.0,1999.9999999999998
ZIV0034795516,2018-05-10 12:00:00,10/05/2018 00:00,S,0.572,0.0,0.327,0.0,0.0,0.0,5720.0,3270.0
ZIV0034795528,2018-05-10 12:00:00,10/05/2018 00:00,S,0.612,0.0,0.448,0.0,0.0,0.013,6120.0,4350.0
ZIV0034795533,2018-05-10 12:00:00,10/05/2018 00:00,S,0.778,0.0,0.175,0.0,0.0,0.0,7780.0,1750.0
ZIV0034795538,2018-05-10 12:00:00,10/05/2018 00:00,S,0.304,0.0,0.206,0.0,0.0,0.0,3040.0,2060.0
ZIV0034795545,2018-05-10 12:00:00,10/05/2018 00:00,S,0.215,0.0,0.0,0.0,0.0,0.157,2150.0,-1570.0
ZIV0034795578,2018-05-10 12:00:00,10/05/2018 00:00,S,0.0,0.0,0.0,0.0,0.0,0.0,0.0,0.0
ZIV0034795628,2018-05-10 12:00:00,10/05/2018 00:00,S,0.432,0.0,0.0,0.0,0.0,0.145,4320.0,-1450.0
ZIV0034795629,2018-05-10 12:00:00,10/05/2018 00:00,S,0.256,0.0,0.011,0.0,0.0,0.026,2560.0,-150.0
ZIV0034795630,2018-05-10 12:00:00,10/05/2018 00:00,S,0.241,0.0,0.011,0.0,0.0,0.02,2410.0,-90.00000000000001
ZIV0034795631,2018-05-10 12:00:00,10/05/2018 00:00,S,0.03,0.0,0.002,0.0,0.0,0.034,300.0,-320.0
ZIV0034795632,2018-05-10 12:00:00,10/05/2018 00:00,S,0.003,0.0,0.0,0.0,0.0,0.128,30.0,-1280.0
ZIV0034795634,2018-05-10 12:00:00,10/05/2018 00:00,S,0.079,0.0,0.118,0.0,0.0,0.0,790.0,1180.0
ZIV0034795635,2018-05-10 12:00:00,10/05/2018 00:00,S,0.047,0.0,0.0,0.0,0.0,0.035,470.0,-350.0
ZIV0034795636,2018-05-10 12:00:00,10/05/2018 00:00,S,0.011,0.0,0.01,0.0,0.0,0.0,110.0,100.0
ZIV0034795637,2018-05-10 12:00:00,10/05/2018 00:00,S,0.142,0.0,0.06,0.0,0.0,0.026,1420.0,340.0
ZIV0034795638,2018-05-10 12:00:00,10/05/2018 00:00,S,0.014,0.0,0.004,0.0,0.0,0.0,140.0,40.0
ZIV0034795639,2018-05-10 12:00:00,10/05/2018 00:00,S,0.092,0.0,0.118,0.0,0.0,0.0,920.0,1180.0
ZIV0034795640,2018-05-10 12:00:00,10/05/2018 00:00,S,0.075,0.0,0.105,0.0,0.0,0.002,750.0,1030.0
ZIV0034795641,2018-05-10 12:00:00,10/05/2018 00:00,S,1138.0,0.0,0.0,0.0,0.0,0.014,11380000.0,-140.0
ZIV0034795644,2018-05-10 12:00:00,10/05/2018 00:00,S,0.017,0.0,0.0,0.0,0.0,0.031,170.0,-310.0
ZIV0034795645,2018-05-10 12:00:00,10/05/2018 00:00,S,0.106,0.0,0.01,0.0,0.0,0.04,1060.0,-300.0
ZIV0034795647,2018-05-10 12:00:00,10/05/2018 00:00,S,1287.0,0.0,1.138,0.0,0.0,0.0,12870000.0,11380.0
ZIV0034795691,2018-05-10 12:00:00,10/05/2018 00:00,S,0.032,0.0,0.0,0.0,0.0,0.011,320.0,-110.0
ZIV0034795692,2018-05-10 12:00:00,10/05/2018 00:00,S,0.209,0.0,0.0,0.0,0.0,0.067,2090.0,-670.0
ZIV0034795697,2018-05-10 12:00:00,10/05/2018 00:00,S,0.145,0.0,0.05,0.0,0.0,0.0,1450.0,500.0
ZIV0034810343,2018-05-10 12:00:00,10/05/2018 00:00,S,0.258,0.0,0.077,0.0,0.0,0.0,2580.0,770.0
ZIV0034810469,2018-05-10 12:00:00,10/05/2018 00:00,S,0.189,0.0,0.013,0.0,0.0,0.03,1890.0,-170.0
ZIV0034810470,2018-05-10 12:00:00,10/05/2018 00:00,S,0.197,0.0,0.099,0.0,0.0,0.008,1970.0,910.0
ZIV0034810471,2018-05-10 12:00:00,10/05/2018 00:00,S,0.126,0.0,0.041,0.0,0.0,0.02,1260.0,210.0
ZIV0034810472,2018-05-10 12:00:00,10/05/2018 00:00,S,0.164,0.0,0.133,0.0,0.0,0.021,1640.0,1120.0
ZIV0034810476,2018-05-10 12:00:00,10/05/2018 00:00,S,0.144,0.0,0.244,0.0,0.0,0.0,1440.0,2440.0
ZIV0034810477,2018-05-10 12:00:00,10/05/2018 00:00,S,0.037,0.0,0.0,0.0,0.0,0.042,370.0,-420.0
ZIV0034810515,2018-05-10 12:00:00,10/05/2018 00:00,S,0.0,0.0,0.0,0.0,0.0,0.0,0.0,0.0
ZIV0034810577,2018-05-10 12:00:00,10/05/2018 00:00,S,0.014,0.0,0.005,0.0,0.0,0.002,140.0,30.0
ZIV0034810598,2018-05-10 12:00:00,10/05/2018 00:00,S,0.043,0.0,0.004,0.0,0.0,0.006,430.0,-20.0
ZIV0034810600,2018-05-10 12:00:00,10/05/2018 00:00,S,0.135,0.0,0.061,0.0,0.0,0.017,1350.0,440.0
ZIV0034810602,2018-05-10 12:00:00,10/05/2018 00:00,S,0.125,0.0,0.018,0.0,0.0,0.004,1250.0,139.99999999999997
ZIV0034810604,2018-05-10 12:00:00,10/05/2018 00:00,S,0.034,0.0,0.0,0.0,0.0,0.04,340.0,-400.0
ZIV0034810605,2018-05-10 12:00:00,10/05/2018 00:00,S,0.403,0.0,0.099,0.0,0.0,0.01,4030.0,890.0000000000001
ZIV0034810606,2018-05-10 12:00:00,10/05/2018 00:00,S,0.414,0.0,0.391,0.0,0.0,0.004,4140.0,3870.0
ZIV0034813116,2018-05-10 12:00:00,10/05/2018 00:00,S,0.104,0.0,0.041,0.0,0.0,0.012,1040.0,290.0
ZIV0034813790,2018-05-10 12:00:00,10/05/2018 00:00,S,0.364,0.0,0.096,0.0,0.0,0.0,3640.0,960.0
ZIV0034813798,2018-05-10 12:00:00,10/05/2018 00:00,S,0.367,0.0,0.007,0.0,0.0,0.036,3670.0,-289.99999999999994
ZIV0034813803,2018-05-10 12:00:00,10/05/2018 00:00,S,0.052,0.0,0.049,0.0,0.0,0.013,520.0,360.00000000000006
ZIV0034813804,2018-05-10 12:00:00,10/05/2018 00:00,S,0.38,0.0,0.01,0.0,0.0,0.012,3800.0,-20.0
ZIV0034813889,2018-05-10 12:00:00,10/05/2018 00:00,S,0.019,0.0,0.046,0.0,0.0,0.0,190.0,460.0
ZIV0034813890,2018-05-10 12:00:00,10/05/2018 00:00,S,0.0,0.0,0.0,0.0,0.0,0.0,0.0,0.0
ZIV0034813891,2018-05-10 12:00:00,10/05/2018 00:00,S,0.42,0.0,0.048,0.0,0.0,0.007,4200.0,410.0
ZIV0034813893,2018-05-10 12:00:00,10/05/2018 00:00,S,0.0,0.0,0.0,0.0,0.0,0.0,0.0,0.0
ZIV0034813894,2018-05-10 12:00:00,10/05/2018 00:00,S,1125.0,0.0,0.132,0.0,0.0,0.0,11250000.0,1320.0
ZIV0034813895,2018-05-10 12:00:00,10/05/2018 00:00,S,0.151,0.0,0.42,0.0,0.0,0.0,1510.0,4200.0
ZIV0034813896,2018-05-10 12:00:00,10/05/2018 00:00,S,0.124,0.0,0.088,0.0,0.0,0.025,1240.0,630.0
ZIV0034813897,2018-05-10 12:00:00,10/05/2018 00:00,S,0.09,0.0,0.025,0.0,0.0,0.015,900.0,100.00000000000001
ZIV0034831731,2018-05-10 12:00:00,10/05/2018 00:00,S,0.322,0.0,0.0,0.0,0.0,0.092,3220.0,-920.0
ZIV0034831782,2018-05-10 12:00:00,10/05/2018 00:00,S,0.323,0.0,0.055,0.0,0.0,0.046,3230.0,90.00000000000001
ZIV0034842052,2018-05-10 12:00:00,10/05/2018 00:00,S,0.187,0.0,0.011,0.0,0.0,0.025,1870.0,-140.00000000000003
ZIV0034842053,2018-05-10 12:00:00,10/05/2018 00:00,S,0.07,0.0,0.018,0.0,0.0,0.0,700.0,180.0
ZIV0034842058,2018-05-10 12:00:00,10/05/2018 00:00,S,0.119,0.0,0.037,0.0,0.0,0.015,1190.0,220.0
ZIV0034842312,2018-05-10 12:00:00,10/05/2018 00:00,S,0.431,0.0,0.003,0.0,0.0,0.012,4310.0,-90.00000000000001
ZIV0034842419,2018-05-10 12:00:00,10/05/2018 00:00,S,1825.0,0.0,0.204,0.0,0.0,0.0,18250000.0,2040.0
ZIV0034842420,2018-05-10 12:00:00,10/05/2018 00:00,S,0.127,0.0,0.117,0.0,0.0,0.007,1270.0,1100.0
ZIV0034842421,2018-05-10 12:00:00,10/05/2018 00:00,S,0.016,0.0,0.005,0.0,0.0,0.0,160.0,50.0
ZIV0034842422,2018-05-10 12:00:00,10/05/2018 00:00,S,0.102,0.0,0.118,0.0,0.0,0.0,1020.0,1180.0
ZIV0034842423,2018-05-10 12:00:00,10/05/2018 00:00,S,0.0,0.0,0.0,0.0,0.0,0.0,0.0,0.0
ZIV0034842424,2018-05-10 12:00:00,10/05/2018 00:00,S,0.044,0.0,0.0,0.0,0.0,0.168,440.0,-1680.0
ZIV0034842425,2018-05-10 12:00:00,10/05/2018 00:00,S,0.127,0.0,0.044,0.0,0.0,0.0,1270.0,440.0
ZIV0034842426,2018-05-10 12:00:00,10/05/2018 00:00,S,0.522,0.0,0.0,0.0,0.0,0.015,5220.0,-150.0
ZIV0034842427,2018-05-10 12:00:00,10/05/2018 00:00,S,0.083,0.0,0.0,0.0,0.0,0.049,830.0,-490.0
ZIV0034844826,2018-05-10 12:00:00,10/05/2018 00:00,S,1152.0,0.0,0.108,0.0,0.0,0.0,11520000.0,1080.0
ZIV0034844981,2018-05-10 12:00:00,10/05/2018 00:00,S,0.0,0.0,0.0,0.0,0.0,0.0,0.0,0.0
ZIV0034850134,2018-05-10 12:00:00,10/05/2018 00:00,S,1.36,0.0,0.12,0.0,0.0,0.0,13600.0,1200.0
ZIV0034854549,2018-05-10 12:00:00,10/05/2018 00:00,S,0.169,0.0,0.039,0.0,0.0,0.021,1690.0,180.0
ZIV0034854550,2018-05-10 12:00:00,10/05/2018 00:00,S,0.059,0.0,0.0,0.0,0.0,0.062,590.0,-620.0
ZIV0034854551,2018-05-10 12:00:00,10/05/2018 00:00,S,0.073,0.0,0.001,0.0,0.0,0.027,730.0,-260.0
ZIV0034854552,2018-05-10 12:00:00,10/05/2018 00:00,S,0.869,0.0,0.001,0.0,0.0,0.245,8690.0,-2440.0
ZIV0034854553,2018-05-10 12:00:00,10/05/2018 00:00,S,0.233,0.0,0.0,0.0,0.0,0.168,2330.0,-1680.0
ZIV0034854554,2018-05-10 12:00:00,10/05/2018 00:00,S,0.931,0.0,0.273,0.0,0.0,0.0,9310.0,2730.0
ZIV0034854555,2018-05-10 12:00:00,10/05/2018 00:00,S,0.067,0.0,0.069,0.0,0.0,0.0,670.0,690.0
ZIV0034854556,2018-05-10 12:00:00,10/05/2018 00:00,S,0.034,0.0,0.042,0.0,0.0,0.0,340.0,420.0
ZIV0034854557,2018-05-10 12:00:00,10/05/2018 00:00,S,0.023,0.0,0.0,0.0,0.0,0.052,230.0,-520.0
ZIV0034854558,2018-05-10 12:00:00,10/05/2018 00:00,S,0.044,0.0,0.001,0.0,0.0,0.017,440.0,-160.0
ZIV0034859694,2018-05-10 12:00:00,10/05/2018 00:00,S,0.178,0.0,0.117,0.0,0.0,0.016,1780.0,1010.0
ZIV0034859696,2018-05-10 12:00:00,10/05/2018 00:00,S,0.076,0.0,0.005,0.0,0.0,0.05,760.0,-450.00000000000006
ZIV0034859698,2018-05-10 12:00:00,10/05/2018 00:00,S,0.096,0.0,0.039,0.0,0.0,0.021,960.0,180.0
ZIV0034861799,2018-05-10 12:00:00,10/05/2018 00:00,S,0.093,0.0,0.062,0.0,0.0,0.004,930.0,579.9999999999999
ZIV0034861801,2018-05-10 12:00:00,10/05/2018 00:00,S,0.049,0.0,0.004,0.0,0.0,0.006,490.0,-20.0
ZIV0034861919,2018-05-10 12:00:00,10/05/2018 00:00,S,0.05,0.0,0.0,0.0,0.0,0.002,500.0,-20.0
ZIV0034861922,2018-05-10 12:00:00,10/05/2018 00:00,S,0.046,0.0,0.027,0.0,0.0,0.005,460.0,220.0
ZIV0034861924,2018-05-10 12:00:00,10/05/2018 00:00,S,0.93,0.0,0.191,0.0,0.0,0.053,9300.0,1380.0
ZIV0034861925,2018-05-10 12:00:00,10/05/2018 00:00,S,0.11,0.0,0.004,0.0,0.0,0.023,1100.0,-190.0
ZIV0034861928,2018-05-10 12:00:00,10/05/2018 00:00,S,0.213,0.0,0.096,0.0,0.0,0.0,2130.0,960.0
ZIV0034907833,2018-05-10 12:00:00,10/05/2018 00:00,S,0.03,0.0,0.0,0.0,0.0,0.023,300.0,-230.0
ZIV0034921446,2018-05-10 12:00:00,10/05/2018 00:00,S,0.094,0.0,0.136,0.0,0.0,0.0,940.0,1360.0
ZIV0034921452,2018-05-10 12:00:00,10/05/2018 00:00,S,0.025,0.0,0.031,0.0,0.0,0.01,250.0,209.99999999999997
ZIV0034936259,2018-05-10 12:00:00,10/05/2018 00:00,S,1467.0,0.0,0.042,0.0,0.0,0.013,14670000.0,290.00000000000006
ZIV0036287466,2018-05-10 12:00:00,10/05/2018 00:00,S,0.284,0.0,0.297,0.0,0.0,0.0,2840.0,2970.0
ZIV0036287467,2018-05-10 12:00:00,10/05/2018 00:00,S,3186.0,0.0,0.217,0.0,0.0,0.031,31860000.0,1860.0
ZIV0036287476,2018-05-10 12:00:00,10/05/2018 00:00,S,0.421,0.0,0.763,0.0,0.0,0.0,4210.0,7630.0
ZIV0036287502,2018-05-10 12:00:00,10/05/2018 00:00,S,0.001,0.0,0.0,0.0,0.0,0.008,10.0,-80.0
ZIV0036287994,2018-05-10 12:00:00,10/05/2018 00:00,S,0.094,0.0,0.049,0.0,0.0,0.176,940.0,-1270.0
ZIV0036287995,2018-05-10 12:00:00,10/05/2018 00:00,S,0.702,0.0,0.316,0.0,0.0,0.0,7020.0,3160.0
ZIV0036287996,2018-05-10 12:00:00,10/05/2018 00:00,S,0.425,0.0,0.003,0.0,0.0,0.029,4250.0,-260.00000000000006
ZIV0036288014,2018-05-10 12:00:00,10/05/2018 00:00,S,0.728,0.0,0.077,0.0,0.0,0.024,7280.0,530.0
ZIV0036288259,2018-05-10 12:00:00,10/05/2018 00:00,S,0.336,0.0,0.106,0.0,0.0,0.001,3360.0,1050.0
ZIV0036288872,2018-05-10 12:00:00,10/05/2018 00:00,S,0.029,0.0,0.013,0.0,0.0,0.0,290.0,130.0
ZIV0036289043,2018-05-10 12:00:00,10/05/2018 00:00,S,0.0,0.003,0.0,0.011,0.0,0.0,-30.0,110.0
ZIV0036289044,2018-05-10 12:00:00,10/05/2018 00:00,S,0.003,0.0,0.0,0.0,0.0,0.016,30.0,-160.0
ZIV0036291965,2018-05-10 12:00:00,10/05/2018 00:00,S,0.234,0.0,0.519,0.0,0.0,0.0,2340.0,5190.0
ZIV0036292071,2018-05-10 12:00:00,10/05/2018 00:00,S,0.222,0.0,0.118,0.0,0.0,0.0,2220.0,1180.0
ZIV0036292112,2018-05-10 12:00:00,10/05/2018 00:00,S,0.307,0.0,0.742,0.0,0.0,0.0,3070.0,7420.0
ZIV0036293795,2018-05-10 12:00:00,10/05/2018 00:00,S,0.338,0.0,0.232,0.0,0.0,0.0,3380.0,2320.0
ZIV0036294548,2018-05-10 12:00:00,10/05/2018 00:00,S,1406.0,0.0,1.168,0.0,0.0,0.0,14060000.0,11680.0
ZIV0036294549,2018-05-10 12:00:00,10/05/2018 00:00,S,0.163,0.0,0.0,0.0,0.0,0.058,1630.0,-580.0
ZIV0036294550,2018-05-10 12:00:00,10/05/2018 00:00,S,0.202,0.0,0.438,0.0,0.0,0.0,2020.0,4380.0
ZIV0036294551,2018-05-10 12:00:00,10/05/2018 00:00,S,0.053,0.0,0.018,0.0,0.0,0.0,530.0,180.0
ZIV0036295883,2018-05-10 12:00:00,10/05/2018 00:00,S,0.197,0.0,0.321,0.0,0.0,0.0,1970.0,3210.0
ZIV0036295885,2018-05-10 12:00:00,10/05/2018 00:00,S,0.493,0.0,0.337,0.0,0.0,0.0,4930.0,3370.0
ZIV0036295886,2018-05-10 12:00:00,10/05/2018 00:00,S,0.042,0.0,0.0,0.0,0.0,0.005,420.0,-50.0
ZIV0036295888,2018-05-10 12:00:00,10/05/2018 00:00,S,0.143,0.0,0.011,0.0,0.0,0.151,1430.0,-1399.9999999999998
ZIV0036295889,2018-05-10 12:00:00,10/05/2018 00:00,S,0.143,0.0,0.171,0.0,0.0,0.0,1430.0,1710.0
ZIV0036295890,2018-05-10 12:00:00,10/05/2018 00:00,S,0.08,0.0,0.162,0.0,0.0,0.0,800.0,1620.0
ZIV0036295891,2018-05-10 12:00:00,10/05/2018 00:00,S,0.554,0.0,0.561,0.0,0.0,0.0,5540.0,5610.0
ZIV0036295892,2018-05-10 12:00:00,10/05/2018 00:00,S,0.419,0.0,0.281,0.0,0.0,0.0,4190.0,2810.0
ZIV0036295893,2018-05-10 12:00:00,10/05/2018 00:00,S,0.317,0.0,0.153,0.0,0.0,0.0,3170.0,1530.0
ZIV0036295898,2018-05-10 12:00:00,10/05/2018 00:00,S,0.236,0.0,0.247,0.0,0.0,0.0,2360.0,2470.0
ZIV0036295899,2018-05-10 12:00:00,10/05/2018 00:00,S,2.07,0.0,1.207,0.0,0.0,0.0,20700.0,12070.0
ZIV0036295901,2018-05-10 12:00:00,10/05/2018 00:00,S,0.666,0.0,0.691,0.0,0.0,0.0,6660.0,6910.0
ZIV0036295902,2018-05-10 12:00:00,10/05/2018 00:00,S,0.155,0.0,0.182,0.0,0.0,0.001,1550.0,1810.0
ZIV0036297222,2018-05-10 12:00:00,10/05/2018 00:00,S,0.187,0.0,0.177,0.0,0.0,0.0,1870.0,1770.0
ZIV0036309611,2018-05-10 12:00:00,10/05/2018 00:00,S,0.227,0.0,0.49,0.0,0.0,0.0,2270.0,4900.0
ZIV0036384222,2018-05-10 12:00:00,10/05/2018 00:00,S,0.332,0.0,0.033,0.0,0.0,0.035,3320.0,-20.000000000000018
ZIV0036384319,2018-05-10 12:00:00,10/05/2018 00:00,S,1212.0,0.0,0.112,0.0,0.0,0.002,12120000.0,1100.0
ZIV0036384819,2018-05-10 12:00:00,10/05/2018 00:00,S,0.018,0.0,0.001,0.0,0.0,0.034,180.0,-330.0
ZIV0036405245,2018-05-10 12:00:00,10/05/2018 00:00,S,0.105,0.0,0.106,0.0,0.0,0.0,1050.0,1060.0
ZIV0040303643,2018-05-10 12:00:00,10/05/2018 00:00,S,0.303,0.0,0.057,0.0,0.0,0.026,3030.0,310.00000000000006
ZIV0040332096,2018-05-10 12:00:00,10/05/2018 00:00,S,0.245,0.0,0.013,0.0,0.0,0.041,2450.0,-280.00000000000006
ZIV0040343741,2018-05-10 12:00:00,10/05/2018 00:00,S,0.05,0.0,0.026,0.0,0.0,0.031,500.0,-50.00000000000001
ZIV0040430508,2018-05-10 12:00:00,10/05/2018 00:00,S,0.009,0.0,0.001,0.0,0.0,0.0,90.0,10.0
ZIV0040430509,2018-05-10 12:00:00,10/05/2018 00:00,S,0.136,0.0,0.105,0.0,0.0,0.0,1360.0,1050.0
ZIV0040430627,2018-05-10 12:00:00,10/05/2018 00:00,S,0.083,0.0,0.0,0.0,0.0,0.056,830.0,-560.0
ZIV0040430705,2018-05-10 12:00:00,10/05/2018 00:00,S,0.295,0.0,0.027,0.0,0.0,0.029,2950.0,-20.000000000000018
ZIV0040637025,2018-05-10 12:00:00,10/05/2018 00:00,S,0.002,0.0,0.0,0.0,0.0,0.007,20.0,-70.0
ZIV0040637060,2018-05-10 12:00:00,10/05/2018 00:00,S,4846.0,0.0,0.004,0.0,0.0,1.617,48460000.0,-16130.0
ZIV0040637097,2018-05-10 12:00:00,10/05/2018 00:00,S,1933.0,0.0,1.037,0.0,0.0,0.0,19330000.0,10370.0
ZIV0040637170,2018-05-10 12:00:00,10/05/2018 00:00,S,10.22,0.0,2.588,0.0,0.0,0.0,102200.0,25880.0
ZIV0040637191,2018-05-10 12:00:00,10/05/2018 00:00,S,8168.0,0.0,5.772,0.0,0.0,0.0,81680000.0,57720.0
ZIV0040637229,2018-05-10 12:00:00,10/05/2018 00:00,S,4009.0,0.0,0.051,0.0,0.0,0.253,40090000.0,-2020.0
ZIV0041884002,2018-05-10 12:00:00,10/05/2018 00:00,S,0.04,0.0,0.001,0.0,0.0,0.008,400.0,-70.0
ZIV0045772077,2018-05-10 12:00:00,10/05/2018 00:00,S,0.214,0.0,0.005,0.0,0.0,0.107,2140.0,-1020.0
ZIV0046916783,2018-05-10 12:00:00,10/05/2018 00:00,S,0.378,0.0,0.273,0.0,0.0,0.056,3780.0,2170.0000000000005
ZIV0046916803,2018-05-10 12:00:00,10/05/2018 00:00,S,1578.0,0.0,0.055,0.0,0.0,0.004,15780000.0,510.00000000000006
ZIV0046916826,2018-05-10 12:00:00,10/05/2018 00:00,S,0.0,0.0,0.0,0.0,0.0,0.0,0.0,0.0
ZIV0046916845,2018-05-10 12:00:00,10/05/2018 00:00,S,0.08,0.0,0.026,0.0,0.0,0.019,800.0,69.99999999999999
ZIV0046916846,2018-05-10 12:00:00,10/05/2018 00:00,S,0.101,0.0,0.013,0.0,0.0,0.013,1010.0,0.0
ZIV0046916847,2018-05-10 12:00:00,10/05/2018 00:00,S,0.591,0.0,0.007,0.0,0.0,0.059,5910.0,-520.0
ZIV0046916850,2018-05-10 12:00:00,10/05/2018 00:00,S,0.317,0.0,0.248,0.0,0.0,0.0,3170.0,2480.0
ZIV0046916851,2018-05-10 12:00:00,10/05/2018 00:00,S,0.134,0.0,0.085,0.0,0.0,0.0,1340.0,850.0
ZIV0046916852,2018-05-10 12:00:00,10/05/2018 00:00,S,0.041,0.0,0.08,0.0,0.0,0.0,410.0,800.0
ZIV0046916923,2018-05-10 12:00:00,10/05/2018 00:00,S,0.025,0.0,0.0,0.0,0.0,0.025,250.0,-250.0
ZIV0046917124,2018-05-10 12:00:00,10/05/2018 00:00,S,0.013,0.0,0.003,0.0,0.0,0.0,130.0,30.0
ZIV0046917125,2018-05-10 12:00:00,10/05/2018 00:00,S,0.393,0.0,0.472,0.0,0.0,0.0,3930.0,4720.0
ZIV0046917245,2018-05-10 12:00:00,10/05/2018 00:00,S,0.018,0.0,0.0,0.0,0.0,0.031,180.0,-310.0
ZIV0046917248,2018-05-10 12:00:00,10/05/2018 00:00,S,0.014,0.0,0.0,0.0,0.0,0.155,140.0,-1550.0
ZIV0046917250,2018-05-10 12:00:00,10/05/2018 00:00,S,0.047,0.0,0.001,0.0,0.0,0.047,470.0,-460.0
ZIV0046921834,2018-05-10 12:00:00,10/05/2018 00:00,S,1078.0,0.0,0.0,0.0,0.0,0.075,10780000.0,-750.0
ZIV0046921835,2018-05-10 12:00:00,10/05/2018 00:00,S,0.024,0.0,0.019,0.0,0.0,0.0,240.0,190.0
ZIV0046921893,2018-05-10 12:00:00,10/05/2018 00:00,S,0.026,0.0,0.026,0.0,0.0,0.015,260.0,110.0
ZIV0046921894,2018-05-10 12:00:00,10/05/2018 00:00,S,0.23,0.0,0.015,0.0,0.0,0.04,2300.0,-250.0
ZIV0046921895,2018-05-10 12:00:00,10/05/2018 00:00,S,0.288,0.0,0.011,0.0,0.0,0.0,2880.0,110.0
ZIV0046921896,2018-05-10 12:00:00,10/05/2018 00:00,S,0.423,0.0,0.0,0.0,0.0,0.078,4230.0,-780.0
ZIV0046921897,2018-05-10 12:00:00,10/05/2018 00:00,S,0.029,0.0,0.001,0.0,0.0,0.079,290.0,-780.0
ZIV0046921900,2018-05-10 12:00:00,10/05/2018 00:00,S,0.451,0.0,0.069,0.0,0.0,0.009,4510.0,600.0000000000001
ZIV0046921901,2018-05-10 12:00:00,10/05/2018 00:00,S,0.024,0.0,0.005,0.0,0.0,0.021,240.0,-160.0
ZIV0046921902,2018-05-10 12:00:00,10/05/2018 00:00,S,1531.0,0.0,0.059,0.0,0.0,0.014,15310000.0,450.0
ZIV0046923941,2018-05-10 12:00:00,10/05/2018 00:00,S,1207.0,0.0,0.212,0.0,0.0,0.01,12070000.0,2019.9999999999998
ZIV0046924455,2018-05-10 12:00:00,10/05/2018 00:00,S,0.076,0.0,0.049,0.0,0.0,0.0,760.0,490.0
ZIV0046924460,2018-05-10 12:00:00,10/05/2018 00:00,S,0.097,0.0,0.0,0.0,0.0,0.065,970.0,-650.0
ZIV0046924511,2018-05-10 12:00:00,10/05/2018 00:00,S,0.032,0.0,0.0,0.0,0.0,0.144,320.0,-1440.0
ZIV0046924740,2018-05-10 12:00:00,10/05/2018 00:00,S,0.127,0.0,0.087,0.0,0.0,0.0,1270.0,870.0
ZIV0046926315,2018-05-10 12:00:00,10/05/2018 00:00,S,0.07,0.0,0.022,0.0,0.0,0.0,700.0,220.0
ZIV0046928036,2018-05-10 12:00:00,10/05/2018 00:00,S,0.833,0.0,0.424,0.0,0.0,0.015,8330.0,4090.0
ZIV0046929504,2018-05-10 12:00:00,10/05/2018 00:00,S,0.744,0.0,0.001,0.0,0.0,0.094,7440.0,-930.0
ZIV0046987059,2018-05-10 12:00:00,10/05/2018 00:00,S,0.215,0.0,0.147,0.0,0.0,0.0,2150.0,1470.0
ZIV0046992303,2018-05-10 12:00:00,10/05/2018 00:00,S,0.0,0.0,0.0,0.0,0.0,0.0,0.0,0.0
ZIV0046992304,2018-05-10 12:00:00,10/05/2018 00:00,S,0.117,0.0,0.018,0.0,0.0,0.015,1170.0,29.999999999999993
ZIV0049973334,2018-05-10 12:00:00,10/05/2018 00:00,S,6382.0,0.0,1.764,0.0,0.0,0.0,63820000.0,17640.0
